file,line,type,commit,author,date,time,timezone,datetime,depth,length
style.css,1,css,f813b943,ryanj06,2026-04-10,14:57:03,-07:00,2026-04-10T14:57:03-07:00,0,5
style.css,2,css,f813b943,ryanj06,2026-04-10,14:57:03,-07:00,2026-04-10T14:57:03-07:00,1,33
style.css,3,css,f813b943,ryanj06,2026-04-10,14:57:03,-07:00,2026-04-10T14:57:03-07:00,0,0
style.css,4,css,a399b977,ryanj06,2026-04-30,15:18:48,-07:00,2026-04-30T15:18:48-07:00,0,0
style.css,5,css,f813b943,ryanj06,2026-04-10,14:57:03,-07:00,2026-04-10T14:57:03-07:00,0,4
style.css,6,css,f813b943,ryanj06,2026-04-10,14:57:03,-07:00,2026-04-10T14:57:03-07:00,1,32
style.css,7,css,698d6316,ryanj06,2026-04-16,18:09:01,-07:00,2026-04-16T18:09:01-07:00,1,23
style.css,8,css,f813b943,ryanj06,2026-04-10,14:57:03,-07:00,2026-04-10T14:57:03-07:00,0,0
style.css,9,css,a399b977,ryanj06,2026-04-30,15:18:48,-07:00,2026-04-30T15:18:48-07:00,0,0
style.css,10,css,6c9fbd4e,ryanj06,2026-04-04,20:49:37,-07:00,2026-04-04T20:49:37-07:00,0,4
style.css,11,css,f813b943,ryanj06,2026-04-10,14:57:03,-07:00,2026-04-10T14:57:03-07:00,1,23
style.css,12,css,f813b943,ryanj06,2026-04-10,14:57:03,-07:00,2026-04-10T14:57:03-07:00,1,15
style.css,13,css,f813b943,ryanj06,2026-04-10,14:57:03,-07:00,2026-04-10T14:57:03-07:00,1,42
style.css,14,css,f813b943,ryanj06,2026-04-10,14:57:03,-07:00,2026-04-10T14:57:03-07:00,1,18
style.css,15,css,faa2ac52,ryanj06,2026-04-17,22:18:01,-07:00,2026-04-17T22:18:01-07:00,1,17
style.css,16,css,f813b943,ryanj06,2026-04-10,14:57:03,-07:00,2026-04-10T14:57:03-07:00,0,0
style.css,17,css,a399b977,ryanj06,2026-04-30,15:18:48,-07:00,2026-04-30T15:18:48-07:00,0,0
style.css,18,css,f813b943,ryanj06,2026-04-10,14:57:03,-07:00,2026-04-10T14:57:03-07:00,0,22
style.css,19,css,f813b943,ryanj06,2026-04-10,14:57:03,-07:00,2026-04-10T14:57:03-07:00,1,15
style.css,20,css,f813b943,ryanj06,2026-04-10,14:57:03,-07:00,2026-04-10T14:57:03-07:00,1,17
style.css,21,css,f813b943,ryanj06,2026-04-10,14:57:03,-07:00,2026-04-10T14:57:03-07:00,0,0
style.css,22,css,a399b977,ryanj06,2026-04-30,15:18:48,-07:00,2026-04-30T15:18:48-07:00,0,0
style.css,23,css,f813b943,ryanj06,2026-04-10,14:57:03,-07:00,2026-04-10T14:57:03-07:00,0,2
style.css,24,css,f813b943,ryanj06,2026-04-10,14:57:03,-07:00,2026-04-10T14:57:03-07:00,1,14
style.css,25,css,f813b943,ryanj06,2026-04-10,14:57:03,-07:00,2026-04-10T14:57:03-07:00,0,0
style.css,26,css,a399b977,ryanj06,2026-04-30,15:18:48,-07:00,2026-04-30T15:18:48-07:00,0,0
style.css,27,css,f813b943,ryanj06,2026-04-10,14:57:03,-07:00,2026-04-10T14:57:03-07:00,0,3
style.css,28,css,f813b943,ryanj06,2026-04-10,14:57:03,-07:00,2026-04-10T14:57:03-07:00,1,12
style.css,29,css,f813b943,ryanj06,2026-04-10,14:57:03,-07:00,2026-04-10T14:57:03-07:00,1,19
style.css,30,css,698d6316,ryanj06,2026-04-16,18:09:01,-07:00,2026-04-16T18:09:01-07:00,1,39
style.css,31,css,698d6316,ryanj06,2026-04-16,18:09:01,-07:00,2026-04-16T18:09:01-07:00,1,43
style.css,32,css,c8c81206,ryanj06,2026-04-17,22:22:54,-07:00,2026-04-17T22:22:54-07:00,1,18
style.css,33,css,f813b943,ryanj06,2026-04-10,14:57:03,-07:00,2026-04-10T14:57:03-07:00,0,0
style.css,34,css,a399b977,ryanj06,2026-04-30,15:18:48,-07:00,2026-04-30T15:18:48-07:00,0,0
style.css,35,css,f813b943,ryanj06,2026-04-10,14:57:03,-07:00,2026-04-10T14:57:03-07:00,0,5
style.css,36,css,af695406,ryanj06,2026-04-17,17:02:50,-07:00,2026-04-17T17:02:50-07:00,1,6
style.css,37,css,f813b943,ryanj06,2026-04-10,14:57:03,-07:00,2026-04-10T14:57:03-07:00,1,20
style.css,38,css,f813b943,ryanj06,2026-04-10,14:57:03,-07:00,2026-04-10T14:57:03-07:00,1,13
style.css,39,css,f813b943,ryanj06,2026-04-10,14:57:03,-07:00,2026-04-10T14:57:03-07:00,1,17
style.css,40,css,af695406,ryanj06,2026-04-17,17:02:50,-07:00,2026-04-17T17:02:50-07:00,1,13
style.css,41,css,af695406,ryanj06,2026-04-17,17:02:50,-07:00,2026-04-17T17:02:50-07:00,0,0
style.css,42,css,a399b977,ryanj06,2026-04-30,15:18:48,-07:00,2026-04-30T15:18:48-07:00,0,0
style.css,43,css,b92e390a,ryanj06,2026-04-17,17:07:23,-07:00,2026-04-17T17:07:23-07:00,0,13
style.css,44,css,b92e390a,ryanj06,2026-04-17,17:07:23,-07:00,2026-04-17T17:07:23-07:00,1,43
style.css,45,css,b92e390a,ryanj06,2026-04-17,17:07:23,-07:00,2026-04-17T17:07:23-07:00,1,20
style.css,46,css,b92e390a,ryanj06,2026-04-17,17:07:23,-07:00,2026-04-17T17:07:23-07:00,0,0
style.css,47,css,a399b977,ryanj06,2026-04-30,15:18:48,-07:00,2026-04-30T15:18:48-07:00,0,0
style.css,48,css,b92e390a,ryanj06,2026-04-17,17:07:23,-07:00,2026-04-17T17:07:23-07:00,0,11
style.css,49,css,b92e390a,ryanj06,2026-04-17,17:07:23,-07:00,2026-04-17T17:07:23-07:00,1,45
style.css,50,css,b92e390a,ryanj06,2026-04-17,17:07:23,-07:00,2026-04-17T17:07:23-07:00,1,20
style.css,51,css,b92e390a,ryanj06,2026-04-17,17:07:23,-07:00,2026-04-17T17:07:23-07:00,1,69
style.css,52,css,b92e390a,ryanj06,2026-04-17,17:07:23,-07:00,2026-04-17T17:07:23-07:00,0,0
style.css,53,css,a399b977,ryanj06,2026-04-30,15:18:48,-07:00,2026-04-30T15:18:48-07:00,0,0
style.css,54,css,af695406,ryanj06,2026-04-17,17:02:50,-07:00,2026-04-17T17:02:50-07:00,0,18
style.css,55,css,faa2ac52,ryanj06,2026-04-17,22:18:01,-07:00,2026-04-17T22:18:01-07:00,1,17
style.css,56,css,0964e9fd,ryanj06,2026-04-17,22:28:38,-07:00,2026-04-17T22:28:38-07:00,1,10
style.css,57,css,0964e9fd,ryanj06,2026-04-17,22:28:38,-07:00,2026-04-17T22:28:38-07:00,1,12
style.css,58,css,af695406,ryanj06,2026-04-17,17:02:50,-07:00,2026-04-17T17:02:50-07:00,1,13
style.css,59,css,af695406,ryanj06,2026-04-17,17:02:50,-07:00,2026-04-17T17:02:50-07:00,1,19
style.css,60,css,af695406,ryanj06,2026-04-17,17:02:50,-07:00,2026-04-17T17:02:50-07:00,1,18
style.css,61,css,f813b943,ryanj06,2026-04-10,14:57:03,-07:00,2026-04-10T14:57:03-07:00,0,0
style.css,62,css,a399b977,ryanj06,2026-04-30,15:18:48,-07:00,2026-04-30T15:18:48-07:00,0,0
style.css,63,css,b92e390a,ryanj06,2026-04-17,17:07:23,-07:00,2026-04-17T17:07:23-07:00,0,25
style.css,64,css,b92e390a,ryanj06,2026-04-17,17:07:23,-07:00,2026-04-17T17:07:23-07:00,1,12
style.css,65,css,f813b943,ryanj06,2026-04-10,14:57:03,-07:00,2026-04-10T14:57:03-07:00,0,0
style.css,66,css,a399b977,ryanj06,2026-04-30,15:18:48,-07:00,2026-04-30T15:18:48-07:00,0,0
style.css,67,css,f813b943,ryanj06,2026-04-10,14:57:03,-07:00,2026-04-10T14:57:03-07:00,0,4
style.css,68,css,f813b943,ryanj06,2026-04-10,14:57:03,-07:00,2026-04-10T14:57:03-07:00,1,12
style.css,69,css,f813b943,ryanj06,2026-04-10,14:57:03,-07:00,2026-04-10T14:57:03-07:00,1,30
style.css,70,css,f813b943,ryanj06,2026-04-10,14:57:03,-07:00,2026-04-10T14:57:03-07:00,1,7
style.css,71,css,f813b943,ryanj06,2026-04-10,14:57:03,-07:00,2026-04-10T14:57:03-07:00,0,0
style.css,72,css,a399b977,ryanj06,2026-04-30,15:18:48,-07:00,2026-04-30T15:18:48-07:00,0,0
style.css,73,css,f813b943,ryanj06,2026-04-10,14:57:03,-07:00,2026-04-10T14:57:03-07:00,0,10
style.css,74,css,f813b943,ryanj06,2026-04-10,14:57:03,-07:00,2026-04-10T14:57:03-07:00,1,12
style.css,75,css,f813b943,ryanj06,2026-04-10,14:57:03,-07:00,2026-04-10T14:57:03-07:00,1,29
style.css,76,css,f813b943,ryanj06,2026-04-10,14:57:03,-07:00,2026-04-10T14:57:03-07:00,1,18
style.css,77,css,f813b943,ryanj06,2026-04-10,14:57:03,-07:00,2026-04-10T14:57:03-07:00,1,18
style.css,78,css,f813b943,ryanj06,2026-04-10,14:57:03,-07:00,2026-04-10T14:57:03-07:00,0,0
style.css,79,css,a399b977,ryanj06,2026-04-30,15:18:48,-07:00,2026-04-30T15:18:48-07:00,0,0
style.css,80,css,f813b943,ryanj06,2026-04-10,14:57:03,-07:00,2026-04-10T14:57:03-07:00,0,9
style.css,81,css,f813b943,ryanj06,2026-04-10,14:57:03,-07:00,2026-04-10T14:57:03-07:00,0,12
style.css,82,css,1b466aa2,ryanj06,2026-04-17,16:39:19,-07:00,2026-04-17T16:39:19-07:00,0,11
style.css,83,css,f813b943,ryanj06,2026-04-10,14:57:03,-07:00,2026-04-10T14:57:03-07:00,1,12
style.css,84,css,f813b943,ryanj06,2026-04-10,14:57:03,-07:00,2026-04-10T14:57:03-07:00,1,10
style.css,85,css,f813b943,ryanj06,2026-04-10,14:57:03,-07:00,2026-04-10T14:57:03-07:00,1,21
style.css,86,css,f813b943,ryanj06,2026-04-10,14:57:03,-07:00,2026-04-10T14:57:03-07:00,0,0
style.css,87,css,a399b977,ryanj06,2026-04-30,15:18:48,-07:00,2026-04-30T15:18:48-07:00,0,0
style.css,88,css,f813b943,ryanj06,2026-04-10,14:57:03,-07:00,2026-04-10T14:57:03-07:00,0,11
style.css,89,css,f813b943,ryanj06,2026-04-10,14:57:03,-07:00,2026-04-10T14:57:03-07:00,1,18
style.css,90,css,f813b943,ryanj06,2026-04-10,14:57:03,-07:00,2026-04-10T14:57:03-07:00,0,0
style.css,91,css,a399b977,ryanj06,2026-04-30,15:18:48,-07:00,2026-04-30T15:18:48-07:00,0,0
style.css,92,css,f813b943,ryanj06,2026-04-10,14:57:03,-07:00,2026-04-10T14:57:03-07:00,0,9
style.css,93,css,f813b943,ryanj06,2026-04-10,14:57:03,-07:00,2026-04-10T14:57:03-07:00,1,12
style.css,94,css,f813b943,ryanj06,2026-04-10,14:57:03,-07:00,2026-04-10T14:57:03-07:00,1,58
style.css,95,css,f813b943,ryanj06,2026-04-10,14:57:03,-07:00,2026-04-10T14:57:03-07:00,1,7
style.css,96,css,f813b943,ryanj06,2026-04-10,14:57:03,-07:00,2026-04-10T14:57:03-07:00,0,0
style.css,97,css,a399b977,ryanj06,2026-04-30,15:18:48,-07:00,2026-04-30T15:18:48-07:00,0,0
style.css,98,css,f813b943,ryanj06,2026-04-10,14:57:03,-07:00,2026-04-10T14:57:03-07:00,0,17
style.css,99,css,f813b943,ryanj06,2026-04-10,14:57:03,-07:00,2026-04-10T14:57:03-07:00,1,12
style.css,100,css,f813b943,ryanj06,2026-04-10,14:57:03,-07:00,2026-04-10T14:57:03-07:00,1,26
style.css,101,css,f813b943,ryanj06,2026-04-10,14:57:03,-07:00,2026-04-10T14:57:03-07:00,1,15
style.css,102,css,85a880d1,ryanj06,2026-05-02,20:39:17,-07:00,2026-05-02T20:39:17-07:00,1,14
style.css,103,css,85a880d1,ryanj06,2026-05-02,20:39:17,-07:00,2026-05-02T20:39:17-07:00,1,11
style.css,104,css,85a880d1,ryanj06,2026-05-02,20:39:17,-07:00,2026-05-02T20:39:17-07:00,1,63
style.css,105,css,85a880d1,ryanj06,2026-05-02,20:39:17,-07:00,2026-05-02T20:39:17-07:00,1,69
style.css,106,css,f813b943,ryanj06,2026-04-10,14:57:03,-07:00,2026-04-10T14:57:03-07:00,0,0
style.css,107,css,a399b977,ryanj06,2026-04-30,15:18:48,-07:00,2026-04-30T15:18:48-07:00,0,0
style.css,108,css,f813b943,ryanj06,2026-04-10,14:57:03,-07:00,2026-04-10T14:57:03-07:00,0,20
style.css,109,css,f813b943,ryanj06,2026-04-10,14:57:03,-07:00,2026-04-10T14:57:03-07:00,1,8
style.css,110,css,f813b943,ryanj06,2026-04-10,14:57:03,-07:00,2026-04-10T14:57:03-07:00,0,0
style.css,111,css,a399b977,ryanj06,2026-04-30,15:18:48,-07:00,2026-04-30T15:18:48-07:00,0,0
style.css,112,css,f813b943,ryanj06,2026-04-10,14:57:03,-07:00,2026-04-10T14:57:03-07:00,0,21
style.css,113,css,f813b943,ryanj06,2026-04-10,14:57:03,-07:00,2026-04-10T14:57:03-07:00,1,10
style.css,114,css,f813b943,ryanj06,2026-04-10,14:57:03,-07:00,2026-04-10T14:57:03-07:00,0,0
style.css,115,css,a399b977,ryanj06,2026-04-30,15:18:48,-07:00,2026-04-30T15:18:48-07:00,0,0
style.css,116,css,4f9cb36d,ryanj06,2026-04-10,15:02:10,-07:00,2026-04-10T15:02:10-07:00,0,7
style.css,117,css,4f9cb36d,ryanj06,2026-04-10,15:02:10,-07:00,2026-04-10T15:02:10-07:00,1,16
style.css,118,css,4f9cb36d,ryanj06,2026-04-10,15:02:10,-07:00,2026-04-10T15:02:10-07:00,0,0
style.css,119,css,a399b977,ryanj06,2026-04-30,15:18:48,-07:00,2026-04-30T15:18:48-07:00,0,0
style.css,120,css,4f9cb36d,ryanj06,2026-04-10,15:02:10,-07:00,2026-04-10T15:02:10-07:00,0,10
style.css,121,css,4f9cb36d,ryanj06,2026-04-10,15:02:10,-07:00,2026-04-10T15:02:10-07:00,1,43
style.css,122,css,4f9cb36d,ryanj06,2026-04-10,15:02:10,-07:00,2026-04-10T15:02:10-07:00,1,21
style.css,123,css,4f9cb36d,ryanj06,2026-04-10,15:02:10,-07:00,2026-04-10T15:02:10-07:00,1,25
style.css,124,css,4f9cb36d,ryanj06,2026-04-10,15:02:10,-07:00,2026-04-10T15:02:10-07:00,0,0
style.css,125,css,a399b977,ryanj06,2026-04-30,15:18:48,-07:00,2026-04-30T15:18:48-07:00,0,0
style.css,126,css,4f9cb36d,ryanj06,2026-04-10,15:02:10,-07:00,2026-04-10T15:02:10-07:00,0,7
style.css,127,css,4f9cb36d,ryanj06,2026-04-10,15:02:10,-07:00,2026-04-10T15:02:10-07:00,1,18
style.css,128,css,4f9cb36d,ryanj06,2026-04-10,15:02:10,-07:00,2026-04-10T15:02:10-07:00,1,11
style.css,129,css,4f9cb36d,ryanj06,2026-04-10,15:02:10,-07:00,2026-04-10T15:02:10-07:00,1,63
style.css,130,css,698d6316,ryanj06,2026-04-16,18:09:01,-07:00,2026-04-16T18:09:01-07:00,1,69
style.css,131,css,4f9cb36d,ryanj06,2026-04-10,15:02:10,-07:00,2026-04-10T15:02:10-07:00,0,0
style.css,132,css,a399b977,ryanj06,2026-04-30,15:18:48,-07:00,2026-04-30T15:18:48-07:00,0,0
style.css,133,css,4f9cb36d,ryanj06,2026-04-10,15:02:10,-07:00,2026-04-10T15:02:10-07:00,0,14
style.css,134,css,4f9cb36d,ryanj06,2026-04-10,15:02:10,-07:00,2026-04-10T15:02:10-07:00,1,12
style.css,135,css,4f9cb36d,ryanj06,2026-04-10,15:02:10,-07:00,2026-04-10T15:02:10-07:00,1,29
style.css,136,css,4f9cb36d,ryanj06,2026-04-10,15:02:10,-07:00,2026-04-10T15:02:10-07:00,1,20
style.css,137,css,4f9cb36d,ryanj06,2026-04-10,15:02:10,-07:00,2026-04-10T15:02:10-07:00,0,0
style.css,138,css,a399b977,ryanj06,2026-04-30,15:18:48,-07:00,2026-04-30T15:18:48-07:00,0,0
style.css,139,css,4f9cb36d,ryanj06,2026-04-10,15:02:10,-07:00,2026-04-10T15:02:10-07:00,0,17
style.css,140,css,4f9cb36d,ryanj06,2026-04-10,15:02:10,-07:00,2026-04-10T15:02:10-07:00,1,8
style.css,141,css,4f9cb36d,ryanj06,2026-04-10,15:02:10,-07:00,2026-04-10T15:02:10-07:00,0,0
style.css,142,css,a399b977,ryanj06,2026-04-30,15:18:48,-07:00,2026-04-30T15:18:48-07:00,0,0
style.css,143,css,4f9cb36d,ryanj06,2026-04-10,15:02:10,-07:00,2026-04-10T15:02:10-07:00,0,16
style.css,144,css,4f9cb36d,ryanj06,2026-04-10,15:02:10,-07:00,2026-04-10T15:02:10-07:00,1,21
style.css,145,css,4f9cb36d,ryanj06,2026-04-10,15:02:10,-07:00,2026-04-10T15:02:10-07:00,1,15
style.css,146,css,4f9cb36d,ryanj06,2026-04-10,15:02:10,-07:00,2026-04-10T15:02:10-07:00,1,8
style.css,147,css,698d6316,ryanj06,2026-04-16,18:09:01,-07:00,2026-04-16T18:09:01-07:00,0,0
style.css,148,css,a399b977,ryanj06,2026-04-30,15:18:48,-07:00,2026-04-30T15:18:48-07:00,0,0
style.css,149,css,bf27f5cc,ryanj06,2026-04-25,20:59:09,-07:00,2026-04-25T20:59:09-07:00,0,14
style.css,150,css,bf27f5cc,ryanj06,2026-04-25,20:59:09,-07:00,2026-04-25T20:59:09-07:00,1,69
style.css,151,css,bf27f5cc,ryanj06,2026-04-25,20:59:09,-07:00,2026-04-25T20:59:09-07:00,1,69
style.css,152,css,bf27f5cc,ryanj06,2026-04-25,20:59:09,-07:00,2026-04-25T20:59:09-07:00,1,19
style.css,153,css,bf27f5cc,ryanj06,2026-04-25,20:59:09,-07:00,2026-04-25T20:59:09-07:00,1,17
style.css,154,css,bf27f5cc,ryanj06,2026-04-25,20:59:09,-07:00,2026-04-25T20:59:09-07:00,1,16
style.css,155,css,bf27f5cc,ryanj06,2026-04-25,20:59:09,-07:00,2026-04-25T20:59:09-07:00,1,14
style.css,156,css,bf27f5cc,ryanj06,2026-04-25,20:59:09,-07:00,2026-04-25T20:59:09-07:00,0,0
style.css,157,css,a399b977,ryanj06,2026-04-30,15:18:48,-07:00,2026-04-30T15:18:48-07:00,0,0
style.css,158,css,bf27f5cc,ryanj06,2026-04-25,20:59:09,-07:00,2026-04-25T20:59:09-07:00,0,17
style.css,159,css,bf27f5cc,ryanj06,2026-04-25,20:59:09,-07:00,2026-04-25T20:59:09-07:00,1,12
style.css,160,css,bf27f5cc,ryanj06,2026-04-25,20:59:09,-07:00,2026-04-25T20:59:09-07:00,1,15
style.css,161,css,bf27f5cc,ryanj06,2026-04-25,20:59:09,-07:00,2026-04-25T20:59:09-07:00,1,25
style.css,162,css,bf27f5cc,ryanj06,2026-04-25,20:59:09,-07:00,2026-04-25T20:59:09-07:00,0,0
style.css,163,css,a399b977,ryanj06,2026-04-30,15:18:48,-07:00,2026-04-30T15:18:48-07:00,0,0
style.css,164,css,bf27f5cc,ryanj06,2026-04-25,20:59:09,-07:00,2026-04-25T20:59:09-07:00,0,17
style.css,165,css,bf27f5cc,ryanj06,2026-04-25,20:59:09,-07:00,2026-04-25T20:59:09-07:00,1,12
style.css,166,css,bf27f5cc,ryanj06,2026-04-25,20:59:09,-07:00,2026-04-25T20:59:09-07:00,1,36
style.css,167,css,bf27f5cc,ryanj06,2026-04-25,20:59:09,-07:00,2026-04-25T20:59:09-07:00,1,14
style.css,168,css,bf27f5cc,ryanj06,2026-04-25,20:59:09,-07:00,2026-04-25T20:59:09-07:00,1,8
style.css,169,css,bf27f5cc,ryanj06,2026-04-25,20:59:09,-07:00,2026-04-25T20:59:09-07:00,0,0
style.css,170,css,a399b977,ryanj06,2026-04-30,15:18:48,-07:00,2026-04-30T15:18:48-07:00,0,0
style.css,171,css,bf27f5cc,ryanj06,2026-04-25,20:59:09,-07:00,2026-04-25T20:59:09-07:00,0,17
style.css,172,css,bf27f5cc,ryanj06,2026-04-25,20:59:09,-07:00,2026-04-25T20:59:09-07:00,1,10
style.css,173,css,bf27f5cc,ryanj06,2026-04-25,20:59:09,-07:00,2026-04-25T20:59:09-07:00,1,15
style.css,174,css,bf27f5cc,ryanj06,2026-04-25,20:59:09,-07:00,2026-04-25T20:59:09-07:00,1,21
style.css,175,css,bf27f5cc,ryanj06,2026-04-25,20:59:09,-07:00,2026-04-25T20:59:09-07:00,0,0
style.css,176,css,a399b977,ryanj06,2026-04-30,15:18:48,-07:00,2026-04-30T15:18:48-07:00,0,0
style.css,177,css,bf27f5cc,ryanj06,2026-04-25,20:59:09,-07:00,2026-04-25T20:59:09-07:00,0,17
style.css,178,css,bf27f5cc,ryanj06,2026-04-25,20:59:09,-07:00,2026-04-25T20:59:09-07:00,1,10
style.css,179,css,bf27f5cc,ryanj06,2026-04-25,20:59:09,-07:00,2026-04-25T20:59:09-07:00,1,15
style.css,180,css,bf27f5cc,ryanj06,2026-04-25,20:59:09,-07:00,2026-04-25T20:59:09-07:00,1,16
style.css,181,css,bf27f5cc,ryanj06,2026-04-25,20:59:09,-07:00,2026-04-25T20:59:09-07:00,1,8
style.css,182,css,bf27f5cc,ryanj06,2026-04-25,20:59:09,-07:00,2026-04-25T20:59:09-07:00,1,25
style.css,183,css,bf27f5cc,ryanj06,2026-04-25,20:59:09,-07:00,2026-04-25T20:59:09-07:00,0,0
style.css,184,css,a399b977,ryanj06,2026-04-30,15:18:48,-07:00,2026-04-30T15:18:48-07:00,0,0
style.css,185,css,bf27f5cc,ryanj06,2026-04-25,20:59:09,-07:00,2026-04-25T20:59:09-07:00,0,13
style.css,186,css,a399b977,ryanj06,2026-04-30,15:18:48,-07:00,2026-04-30T15:18:48-07:00,1,30
style.css,187,css,a399b977,ryanj06,2026-04-30,15:18:48,-07:00,2026-04-30T15:18:48-07:00,1,34
style.css,188,css,a399b977,ryanj06,2026-04-30,15:18:48,-07:00,2026-04-30T15:18:48-07:00,1,16
style.css,189,css,a399b977,ryanj06,2026-04-30,15:18:48,-07:00,2026-04-30T15:18:48-07:00,1,10
style.css,190,css,a399b977,ryanj06,2026-04-30,15:18:48,-07:00,2026-04-30T15:18:48-07:00,1,17
style.css,191,css,a399b977,ryanj06,2026-04-30,15:18:48,-07:00,2026-04-30T15:18:48-07:00,0,0
style.css,192,css,a399b977,ryanj06,2026-04-30,15:18:48,-07:00,2026-04-30T15:18:48-07:00,0,0
style.css,193,css,85a880d1,ryanj06,2026-05-02,20:39:17,-07:00,2026-05-02T20:39:17-07:00,0,10
style.css,194,css,85a880d1,ryanj06,2026-05-02,20:39:17,-07:00,2026-05-02T20:39:17-07:00,1,12
style.css,195,css,85a880d1,ryanj06,2026-05-02,20:39:17,-07:00,2026-05-02T20:39:17-07:00,1,18
style.css,196,css,85a880d1,ryanj06,2026-05-02,20:39:17,-07:00,2026-05-02T20:39:17-07:00,1,7
style.css,197,css,85a880d1,ryanj06,2026-05-02,20:39:17,-07:00,2026-05-02T20:39:17-07:00,1,16
style.css,198,css,85a880d1,ryanj06,2026-05-02,20:39:17,-07:00,2026-05-02T20:39:17-07:00,0,0
style.css,199,css,85a880d1,ryanj06,2026-05-02,20:39:17,-07:00,2026-05-02T20:39:17-07:00,0,0
style.css,200,css,a399b977,ryanj06,2026-04-30,15:18:48,-07:00,2026-04-30T15:18:48-07:00,0,18
style.css,201,css,85a880d1,ryanj06,2026-05-02,20:39:17,-07:00,2026-05-02T20:39:17-07:00,1,13
style.css,202,css,a399b977,ryanj06,2026-04-30,15:18:48,-07:00,2026-04-30T15:18:48-07:00,1,14
style.css,203,css,85a880d1,ryanj06,2026-05-02,20:39:17,-07:00,2026-05-02T20:39:17-07:00,1,10
style.css,204,css,a399b977,ryanj06,2026-04-30,15:18:48,-07:00,2026-04-30T15:18:48-07:00,1,16
style.css,205,css,a399b977,ryanj06,2026-04-30,15:18:48,-07:00,2026-04-30T15:18:48-07:00,0,0
style.css,206,css,a399b977,ryanj06,2026-04-30,15:18:48,-07:00,2026-04-30T15:18:48-07:00,0,0
style.css,207,css,a399b977,ryanj06,2026-04-30,15:18:48,-07:00,2026-04-30T15:18:48-07:00,0,23
style.css,208,css,a399b977,ryanj06,2026-04-30,15:18:48,-07:00,2026-04-30T15:18:48-07:00,1,16
style.css,209,css,a399b977,ryanj06,2026-04-30,15:18:48,-07:00,2026-04-30T15:18:48-07:00,1,14
style.css,210,css,a399b977,ryanj06,2026-04-30,15:18:48,-07:00,2026-04-30T15:18:48-07:00,0,0
style.css,211,css,a399b977,ryanj06,2026-04-30,15:18:48,-07:00,2026-04-30T15:18:48-07:00,0,0
style.css,212,css,a399b977,ryanj06,2026-04-30,15:18:48,-07:00,2026-04-30T15:18:48-07:00,0,51
style.css,213,css,a399b977,ryanj06,2026-04-30,15:18:48,-07:00,2026-04-30T15:18:48-07:00,1,11
style.css,214,css,a399b977,ryanj06,2026-04-30,15:18:48,-07:00,2026-04-30T15:18:48-07:00,0,0
style.css,215,css,a399b977,ryanj06,2026-04-30,15:18:48,-07:00,2026-04-30T15:18:48-07:00,0,0
style.css,216,css,a399b977,ryanj06,2026-04-30,15:18:48,-07:00,2026-04-30T15:18:48-07:00,0,9
style.css,217,css,a399b977,ryanj06,2026-04-30,15:18:48,-07:00,2026-04-30T15:18:48-07:00,1,35
style.css,218,css,a399b977,ryanj06,2026-04-30,15:18:48,-07:00,2026-04-30T15:18:48-07:00,0,0
style.css,219,css,a399b977,ryanj06,2026-04-30,15:18:48,-07:00,2026-04-30T15:18:48-07:00,0,0
style.css,220,css,a399b977,ryanj06,2026-04-30,15:18:48,-07:00,2026-04-30T15:18:48-07:00,0,18
style.css,221,css,a399b977,ryanj06,2026-04-30,15:18:48,-07:00,2026-04-30T15:18:48-07:00,1,17
style.css,222,css,a399b977,ryanj06,2026-04-30,15:18:48,-07:00,2026-04-30T15:18:48-07:00,0,0
style.css,223,css,a399b977,ryanj06,2026-04-30,15:18:48,-07:00,2026-04-30T15:18:48-07:00,0,0
style.css,224,css,a399b977,ryanj06,2026-04-30,15:18:48,-07:00,2026-04-30T15:18:48-07:00,0,7
style.css,225,css,a399b977,ryanj06,2026-04-30,15:18:48,-07:00,2026-04-30T15:18:48-07:00,1,6
style.css,226,css,a399b977,ryanj06,2026-04-30,15:18:48,-07:00,2026-04-30T15:18:48-07:00,1,12
style.css,227,css,a399b977,ryanj06,2026-04-30,15:18:48,-07:00,2026-04-30T15:18:48-07:00,1,57
style.css,228,css,a399b977,ryanj06,2026-04-30,15:18:48,-07:00,2026-04-30T15:18:48-07:00,1,9
style.css,229,css,a399b977,ryanj06,2026-04-30,15:18:48,-07:00,2026-04-30T15:18:48-07:00,1,15
style.css,230,css,a399b977,ryanj06,2026-04-30,15:18:48,-07:00,2026-04-30T15:18:48-07:00,1,11
style.css,231,css,bf27f5cc,ryanj06,2026-04-25,20:59:09,-07:00,2026-04-25T20:59:09-07:00,1,8
style.css,232,css,a399b977,ryanj06,2026-04-30,15:18:48,-07:00,2026-04-30T15:18:48-07:00,1,69
style.css,233,css,a399b977,ryanj06,2026-04-30,15:18:48,-07:00,2026-04-30T15:18:48-07:00,1,19
style.css,234,css,bf27f5cc,ryanj06,2026-04-25,20:59:09,-07:00,2026-04-25T20:59:09-07:00,0,0
style.css,235,css,a399b977,ryanj06,2026-04-30,15:18:48,-07:00,2026-04-30T15:18:48-07:00,0,0
style.css,236,css,a399b977,ryanj06,2026-04-30,15:18:48,-07:00,2026-04-30T15:18:48-07:00,0,12
style.css,237,css,a399b977,ryanj06,2026-04-30,15:18:48,-07:00,2026-04-30T15:18:48-07:00,1,12
style.css,238,css,a399b977,ryanj06,2026-04-30,15:18:48,-07:00,2026-04-30T15:18:48-07:00,1,18
style.css,239,css,a399b977,ryanj06,2026-04-30,15:18:48,-07:00,2026-04-30T15:18:48-07:00,1,9
style.css,240,css,a399b977,ryanj06,2026-04-30,15:18:48,-07:00,2026-04-30T15:18:48-07:00,1,14
style.css,241,css,a399b977,ryanj06,2026-04-30,15:18:48,-07:00,2026-04-30T15:18:48-07:00,0,0
style.css,242,css,a399b977,ryanj06,2026-04-30,15:18:48,-07:00,2026-04-30T15:18:48-07:00,0,0
style.css,243,css,a399b977,ryanj06,2026-04-30,15:18:48,-07:00,2026-04-30T15:18:48-07:00,0,7
style.css,244,css,a399b977,ryanj06,2026-04-30,15:18:48,-07:00,2026-04-30T15:18:48-07:00,1,20
style.css,245,css,a399b977,ryanj06,2026-04-30,15:18:48,-07:00,2026-04-30T15:18:48-07:00,1,9
style.css,246,css,a399b977,ryanj06,2026-04-30,15:18:48,-07:00,2026-04-30T15:18:48-07:00,1,18
style.css,247,css,a399b977,ryanj06,2026-04-30,15:18:48,-07:00,2026-04-30T15:18:48-07:00,1,29
style.css,248,css,a399b977,ryanj06,2026-04-30,15:18:48,-07:00,2026-04-30T15:18:48-07:00,1,17
style.css,249,css,a399b977,ryanj06,2026-04-30,15:18:48,-07:00,2026-04-30T15:18:48-07:00,0,0
style.css,250,css,a399b977,ryanj06,2026-04-30,15:18:48,-07:00,2026-04-30T15:18:48-07:00,0,0
style.css,251,css,a399b977,ryanj06,2026-04-30,15:18:48,-07:00,2026-04-30T15:18:48-07:00,0,10
style.css,252,css,a399b977,ryanj06,2026-04-30,15:18:48,-07:00,2026-04-30T15:18:48-07:00,1,10
style.css,253,css,a399b977,ryanj06,2026-04-30,15:18:48,-07:00,2026-04-30T15:18:48-07:00,1,20
style.css,254,css,a399b977,ryanj06,2026-04-30,15:18:48,-07:00,2026-04-30T15:18:48-07:00,1,16
style.css,255,css,a399b977,ryanj06,2026-04-30,15:18:48,-07:00,2026-04-30T15:18:48-07:00,1,12
style.css,256,css,a399b977,ryanj06,2026-04-30,15:18:48,-07:00,2026-04-30T15:18:48-07:00,1,69
style.css,257,css,a399b977,ryanj06,2026-04-30,15:18:48,-07:00,2026-04-30T15:18:48-07:00,1,19
style.css,258,css,a399b977,ryanj06,2026-04-30,15:18:48,-07:00,2026-04-30T15:18:48-07:00,1,21
style.css,259,css,a399b977,ryanj06,2026-04-30,15:18:48,-07:00,2026-04-30T15:18:48-07:00,0,0
index.js,1,js,bf27f5cc,ryanj06,2026-04-25,20:59:09,-07:00,2026-04-25T20:59:09-07:00,0,71
index.js,2,js,bf27f5cc,ryanj06,2026-04-25,20:59:09,-07:00,2026-04-25T20:59:09-07:00,0,0
index.js,3,js,bf27f5cc,ryanj06,2026-04-25,20:59:09,-07:00,2026-04-25T20:59:09-07:00,0,79
index.js,4,js,bf27f5cc,ryanj06,2026-04-25,20:59:09,-07:00,2026-04-25T20:59:09-07:00,0,54
index.js,5,js,bf27f5cc,ryanj06,2026-04-25,20:59:09,-07:00,2026-04-25T20:59:09-07:00,0,42
index.js,6,js,bf27f5cc,ryanj06,2026-04-25,20:59:09,-07:00,2026-04-25T20:59:09-07:00,0,60
index.js,7,js,bf27f5cc,ryanj06,2026-04-25,20:59:09,-07:00,2026-04-25T20:59:09-07:00,0,54
index.js,8,js,bf27f5cc,ryanj06,2026-04-25,20:59:09,-07:00,2026-04-25T20:59:09-07:00,0,0
index.js,9,js,bf27f5cc,ryanj06,2026-04-25,20:59:09,-07:00,2026-04-25T20:59:09-07:00,0,79
index.js,10,js,bf27f5cc,ryanj06,2026-04-25,20:59:09,-07:00,2026-04-25T20:59:09-07:00,0,50
index.js,11,js,bf27f5cc,ryanj06,2026-04-25,20:59:09,-07:00,2026-04-25T20:59:09-07:00,0,60
index.js,12,js,bf27f5cc,ryanj06,2026-04-25,20:59:09,-07:00,2026-04-25T20:59:09-07:00,0,0
index.js,13,js,bf27f5cc,ryanj06,2026-04-25,20:59:09,-07:00,2026-04-25T20:59:09-07:00,0,17
index.js,14,js,bf27f5cc,ryanj06,2026-04-25,20:59:09,-07:00,2026-04-25T20:59:09-07:00,1,24
index.js,15,js,bf27f5cc,ryanj06,2026-04-25,20:59:09,-07:00,2026-04-25T20:59:09-07:00,2,2
index.js,16,js,bf27f5cc,ryanj06,2026-04-25,20:59:09,-07:00,2026-04-25T20:59:09-07:00,3,54
index.js,17,js,bf27f5cc,ryanj06,2026-04-25,20:59:09,-07:00,2026-04-25T20:59:09-07:00,3,54
index.js,18,js,bf27f5cc,ryanj06,2026-04-25,20:59:09,-07:00,2026-04-25T20:59:09-07:00,3,48
index.js,19,js,bf27f5cc,ryanj06,2026-04-25,20:59:09,-07:00,2026-04-25T20:59:09-07:00,3,48
index.js,20,js,bf27f5cc,ryanj06,2026-04-25,20:59:09,-07:00,2026-04-25T20:59:09-07:00,2,3
index.js,21,js,bf27f5cc,ryanj06,2026-04-25,20:59:09,-07:00,2026-04-25T20:59:09-07:00,1,0
index.js,22,js,bf27f5cc,ryanj06,2026-04-25,20:59:09,-07:00,2026-04-25T20:59:09-07:00,0,0
index.html,1,html,bb1efe35,ryanj06,2026-04-04,20:25:40,-07:00,2026-04-04T20:25:40-07:00,0,13
index.html,2,html,bb1efe35,ryanj06,2026-04-04,20:25:40,-07:00,2026-04-04T20:25:40-07:00,0,14
index.html,3,html,bb1efe35,ryanj06,2026-04-04,20:25:40,-07:00,2026-04-04T20:25:40-07:00,1,4
index.html,4,html,bb1efe35,ryanj06,2026-04-04,20:25:40,-07:00,2026-04-04T20:25:40-07:00,2,22
index.html,5,html,bb1efe35,ryanj06,2026-04-04,20:25:40,-07:00,2026-04-04T20:25:40-07:00,2,70
index.html,6,html,bb1efe35,ryanj06,2026-04-04,20:25:40,-07:00,2026-04-04T20:25:40-07:00,2,51
index.html,7,html,6c9fbd4e,ryanj06,2026-04-04,20:49:37,-07:00,2026-04-04T20:49:37-07:00,2,40
index.html,8,html,698d6316,ryanj06,2026-04-16,18:09:01,-07:00,2026-04-16T18:09:01-07:00,2,45
index.html,9,html,bf27f5cc,ryanj06,2026-04-25,20:59:09,-07:00,2026-04-25T20:59:09-07:00,2,44
index.html,10,html,bb1efe35,ryanj06,2026-04-04,20:25:40,-07:00,2026-04-04T20:25:40-07:00,1,5
index.html,11,html,bb1efe35,ryanj06,2026-04-04,20:25:40,-07:00,2026-04-04T20:25:40-07:00,1,4
index.html,12,html,bb1efe35,ryanj06,2026-04-04,20:25:40,-07:00,2026-04-04T20:25:40-07:00,2,16
index.html,13,html,7bd07393,ryanj06,2026-04-04,20:39:11,-07:00,2026-04-04T20:39:11-07:00,2,58
index.html,14,html,bb1efe35,ryanj06,2026-04-04,20:25:40,-07:00,2026-04-04T20:25:40-07:00,2,110
index.html,15,html,bf27f5cc,ryanj06,2026-04-25,20:59:09,-07:00,2026-04-25T20:59:09-07:00,0,0
index.html,16,html,bf27f5cc,ryanj06,2026-04-25,20:59:09,-07:00,2026-04-25T20:59:09-07:00,2,22
index.html,17,html,bf27f5cc,ryanj06,2026-04-25,20:59:09,-07:00,2026-04-25T20:59:09-07:00,3,19
index.html,18,html,bf27f5cc,ryanj06,2026-04-25,20:59:09,-07:00,2026-04-25T20:59:09-07:00,3,40
index.html,19,html,bf27f5cc,ryanj06,2026-04-25,20:59:09,-07:00,2026-04-25T20:59:09-07:00,2,4
index.html,20,html,bf27f5cc,ryanj06,2026-04-25,20:59:09,-07:00,2026-04-25T20:59:09-07:00,0,0
index.html,21,html,bf27f5cc,ryanj06,2026-04-25,20:59:09,-07:00,2026-04-25T20:59:09-07:00,2,22
index.html,22,html,bf27f5cc,ryanj06,2026-04-25,20:59:09,-07:00,2026-04-25T20:59:09-07:00,2,20
index.html,23,html,bf27f5cc,ryanj06,2026-04-25,20:59:09,-07:00,2026-04-25T20:59:09-07:00,3,40
index.html,24,html,bf27f5cc,ryanj06,2026-04-25,20:59:09,-07:00,2026-04-25T20:59:09-07:00,2,4
index.html,25,html,bb1efe35,ryanj06,2026-04-04,20:25:40,-07:00,2026-04-04T20:25:40-07:00,1,5
index.html,26,html,7bd07393,ryanj06,2026-04-04,20:39:11,-07:00,2026-04-04T20:39:11-07:00,0,5
global.js,1,js,698d6316,ryanj06,2026-04-16,18:09:01,-07:00,2026-04-16T18:09:01-07:00,0,25
global.js,2,js,bf27f5cc,ryanj06,2026-04-25,20:59:09,-07:00,2026-04-25T20:59:09-07:00,0,0
global.js,3,js,698d6316,ryanj06,2026-04-16,18:09:01,-07:00,2026-04-16T18:09:01-07:00,0,41
global.js,4,js,698d6316,ryanj06,2026-04-16,18:09:01,-07:00,2026-04-16T18:09:01-07:00,1,52
global.js,5,js,698d6316,ryanj06,2026-04-16,18:09:01,-07:00,2026-04-16T18:09:01-07:00,0,0
global.js,6,js,bf27f5cc,ryanj06,2026-04-25,20:59:09,-07:00,2026-04-25T20:59:09-07:00,0,0
global.js,7,js,698d6316,ryanj06,2026-04-16,18:09:01,-07:00,2026-04-16T18:09:01-07:00,0,15
global.js,8,js,698d6316,ryanj06,2026-04-16,18:09:01,-07:00,2026-04-16T18:09:01-07:00,1,68
global.js,9,js,698d6316,ryanj06,2026-04-16,18:09:01,-07:00,2026-04-16T18:09:01-07:00,2,3
global.js,10,js,cdb7e751,ryanj06,2026-04-17,17:33:00,-07:00,2026-04-17T17:33:00-07:00,2,14
global.js,11,js,bf27f5cc,ryanj06,2026-04-25,20:59:09,-07:00,2026-04-25T20:59:09-07:00,0,0
global.js,12,js,698d6316,ryanj06,2026-04-16,18:09:01,-07:00,2026-04-16T18:09:01-07:00,0,11
global.js,13,js,698d6316,ryanj06,2026-04-16,18:09:01,-07:00,2026-04-16T18:09:01-07:00,1,25
global.js,14,js,698d6316,ryanj06,2026-04-16,18:09:01,-07:00,2026-04-16T18:09:01-07:00,1,38
global.js,15,js,698d6316,ryanj06,2026-04-16,18:09:01,-07:00,2026-04-16T18:09:01-07:00,1,36
global.js,16,js,698d6316,ryanj06,2026-04-16,18:09:01,-07:00,2026-04-16T18:09:01-07:00,1,26
global.js,17,js,698d6316,ryanj06,2026-04-16,18:09:01,-07:00,2026-04-16T18:09:01-07:00,1,53
global.js,18,js,698d6316,ryanj06,2026-04-16,18:09:01,-07:00,2026-04-16T18:09:01-07:00,0,0
global.js,19,js,bf27f5cc,ryanj06,2026-04-25,20:59:09,-07:00,2026-04-25T20:59:09-07:00,0,0
global.js,20,js,698d6316,ryanj06,2026-04-16,18:09:01,-07:00,2026-04-16T18:09:01-07:00,0,38
global.js,21,js,698d6316,ryanj06,2026-04-16,18:09:01,-07:00,2026-04-16T18:09:01-07:00,0,25
global.js,22,js,bf27f5cc,ryanj06,2026-04-25,20:59:09,-07:00,2026-04-25T20:59:09-07:00,0,0
global.js,23,js,698d6316,ryanj06,2026-04-16,18:09:01,-07:00,2026-04-16T18:09:01-07:00,0,20
global.js,24,js,698d6316,ryanj06,2026-04-16,18:09:01,-07:00,2026-04-16T18:09:01-07:00,1,14
global.js,25,js,698d6316,ryanj06,2026-04-16,18:09:01,-07:00,2026-04-16T18:09:01-07:00,1,18
global.js,26,js,bf27f5cc,ryanj06,2026-04-25,20:59:09,-07:00,2026-04-25T20:59:09-07:00,0,0
global.js,27,js,698d6316,ryanj06,2026-04-16,18:09:01,-07:00,2026-04-16T18:09:01-07:00,1,28
global.js,28,js,698d6316,ryanj06,2026-04-16,18:09:01,-07:00,2026-04-16T18:09:01-07:00,2,20
global.js,29,js,698d6316,ryanj06,2026-04-16,18:09:01,-07:00,2026-04-16T18:09:01-07:00,1,0
global.js,30,js,bf27f5cc,ryanj06,2026-04-25,20:59:09,-07:00,2026-04-25T20:59:09-07:00,0,0
global.js,31,js,698d6316,ryanj06,2026-04-16,18:09:01,-07:00,2026-04-16T18:09:01-07:00,1,34
global.js,32,js,698d6316,ryanj06,2026-04-16,18:09:01,-07:00,2026-04-16T18:09:01-07:00,1,11
global.js,33,js,698d6316,ryanj06,2026-04-16,18:09:01,-07:00,2026-04-16T18:09:01-07:00,1,20
global.js,34,js,bf27f5cc,ryanj06,2026-04-25,20:59:09,-07:00,2026-04-25T20:59:09-07:00,0,0
global.js,35,js,698d6316,ryanj06,2026-04-16,18:09:01,-07:00,2026-04-16T18:09:01-07:00,1,17
global.js,36,js,698d6316,ryanj06,2026-04-16,18:09:01,-07:00,2026-04-16T18:09:01-07:00,2,8
global.js,37,js,698d6316,ryanj06,2026-04-16,18:09:01,-07:00,2026-04-16T18:09:01-07:00,2,58
global.js,38,js,698d6316,ryanj06,2026-04-16,18:09:01,-07:00,2026-04-16T18:09:01-07:00,1,0
global.js,39,js,bf27f5cc,ryanj06,2026-04-25,20:59:09,-07:00,2026-04-25T20:59:09-07:00,0,0
global.js,40,js,698d6316,ryanj06,2026-04-16,18:09:01,-07:00,2026-04-16T18:09:01-07:00,1,29
global.js,41,js,698d6316,ryanj06,2026-04-16,18:09:01,-07:00,2026-04-16T18:09:01-07:00,2,18
global.js,42,js,698d6316,ryanj06,2026-04-16,18:09:01,-07:00,2026-04-16T18:09:01-07:00,1,0
global.js,43,js,bf27f5cc,ryanj06,2026-04-25,20:59:09,-07:00,2026-04-25T20:59:09-07:00,0,0
global.js,44,js,698d6316,ryanj06,2026-04-16,18:09:01,-07:00,2026-04-16T18:09:01-07:00,1,12
global.js,45,js,698d6316,ryanj06,2026-04-16,18:09:01,-07:00,2026-04-16T18:09:01-07:00,0,0
global.js,46,js,bf27f5cc,ryanj06,2026-04-25,20:59:09,-07:00,2026-04-25T20:59:09-07:00,0,0
global.js,47,js,4e67fc90,ryanj06,2026-04-17,22:19:18,-07:00,2026-04-17T22:19:18-07:00,0,31
global.js,48,js,4e67fc90,ryanj06,2026-04-17,22:19:18,-07:00,2026-04-17T22:19:18-07:00,1,11
global.js,49,js,2ddfcc78,ryanj06,2026-04-17,22:13:16,-07:00,2026-04-17T22:13:16-07:00,1,27
global.js,50,js,698d6316,ryanj06,2026-04-16,18:09:01,-07:00,2026-04-16T18:09:01-07:00,2,4
global.js,51,js,698d6316,ryanj06,2026-04-16,18:09:01,-07:00,2026-04-16T18:09:01-07:00,2,6
global.js,52,js,698d6316,ryanj06,2026-04-16,18:09:01,-07:00,2026-04-16T18:09:01-07:00,3,43
global.js,53,js,698d6316,ryanj06,2026-04-16,18:09:01,-07:00,2026-04-16T18:09:01-07:00,3,34
global.js,54,js,698d6316,ryanj06,2026-04-16,18:09:01,-07:00,2026-04-16T18:09:01-07:00,3,32
global.js,55,js,698d6316,ryanj06,2026-04-16,18:09:01,-07:00,2026-04-16T18:09:01-07:00,2,7
global.js,56,js,698d6316,ryanj06,2026-04-16,18:09:01,-07:00,2026-04-16T18:09:01-07:00,1,7
global.js,57,js,698d6316,ryanj06,2026-04-16,18:09:01,-07:00,2026-04-16T18:09:01-07:00,0,0
global.js,58,js,bf27f5cc,ryanj06,2026-04-25,20:59:09,-07:00,2026-04-25T20:59:09-07:00,0,0
global.js,59,js,698d6316,ryanj06,2026-04-16,18:09:01,-07:00,2026-04-16T18:09:01-07:00,0,60
global.js,60,js,bf27f5cc,ryanj06,2026-04-25,20:59:09,-07:00,2026-04-25T20:59:09-07:00,0,0
global.js,61,js,698d6316,ryanj06,2026-04-16,18:09:01,-07:00,2026-04-16T18:09:01-07:00,0,34
global.js,62,js,698d6316,ryanj06,2026-04-16,18:09:01,-07:00,2026-04-16T18:09:01-07:00,1,39
global.js,63,js,698d6316,ryanj06,2026-04-16,18:09:01,-07:00,2026-04-16T18:09:01-07:00,0,0
global.js,64,js,bf27f5cc,ryanj06,2026-04-25,20:59:09,-07:00,2026-04-25T20:59:09-07:00,0,0
global.js,65,js,698d6316,ryanj06,2026-04-16,18:09:01,-07:00,2026-04-16T18:09:01-07:00,0,49
global.js,66,js,698d6316,ryanj06,2026-04-16,18:09:01,-07:00,2026-04-16T18:09:01-07:00,1,33
global.js,67,js,698d6316,ryanj06,2026-04-16,18:09:01,-07:00,2026-04-16T18:09:01-07:00,1,44
global.js,68,js,698d6316,ryanj06,2026-04-16,18:09:01,-07:00,2026-04-16T18:09:01-07:00,0,1
global.js,69,js,bf27f5cc,ryanj06,2026-04-25,20:59:09,-07:00,2026-04-25T20:59:09-07:00,0,0
global.js,70,js,698d6316,ryanj06,2026-04-16,18:09:01,-07:00,2026-04-16T18:09:01-07:00,0,36
global.js,71,js,698d6316,ryanj06,2026-04-16,18:09:01,-07:00,2026-04-16T18:09:01-07:00,1,70
global.js,72,js,698d6316,ryanj06,2026-04-16,18:09:01,-07:00,2026-04-16T18:09:01-07:00,1,25
global.js,73,js,698d6316,ryanj06,2026-04-16,18:09:01,-07:00,2026-04-16T18:09:01-07:00,0,0
global.js,74,js,bf27f5cc,ryanj06,2026-04-25,20:59:09,-07:00,2026-04-25T20:59:09-07:00,0,0
global.js,75,js,698d6316,ryanj06,2026-04-16,18:09:01,-07:00,2026-04-16T18:09:01-07:00,0,42
global.js,76,js,698d6316,ryanj06,2026-04-16,18:09:01,-07:00,2026-04-16T18:09:01-07:00,0,49
global.js,77,js,698d6316,ryanj06,2026-04-16,18:09:01,-07:00,2026-04-16T18:09:01-07:00,1,21
global.js,78,js,698d6316,ryanj06,2026-04-16,18:09:01,-07:00,2026-04-16T18:09:01-07:00,1,30
global.js,79,js,698d6316,ryanj06,2026-04-16,18:09:01,-07:00,2026-04-16T18:09:01-07:00,1,14
global.js,80,js,698d6316,ryanj06,2026-04-16,18:09:01,-07:00,2026-04-16T18:09:01-07:00,1,31
global.js,81,js,698d6316,ryanj06,2026-04-16,18:09:01,-07:00,2026-04-16T18:09:01-07:00,2,50
global.js,82,js,698d6316,ryanj06,2026-04-16,18:09:01,-07:00,2026-04-16T18:09:01-07:00,1,0
global.js,83,js,2ddfcc78,ryanj06,2026-04-17,22:13:16,-07:00,2026-04-17T22:13:16-07:00,1,51
global.js,84,js,698d6316,ryanj06,2026-04-16,18:09:01,-07:00,2026-04-16T18:09:01-07:00,0,1
global.js,85,js,bf27f5cc,ryanj06,2026-04-25,20:59:09,-07:00,2026-04-25T20:59:09-07:00,0,0
global.js,86,js,bf27f5cc,ryanj06,2026-04-25,20:59:09,-07:00,2026-04-25T20:59:09-07:00,0,78
global.js,87,js,bf27f5cc,ryanj06,2026-04-25,20:59:09,-07:00,2026-04-25T20:59:09-07:00,0,36
global.js,88,js,bf27f5cc,ryanj06,2026-04-25,20:59:09,-07:00,2026-04-25T20:59:09-07:00,1,3
global.js,89,js,bf27f5cc,ryanj06,2026-04-25,20:59:09,-07:00,2026-04-25T20:59:09-07:00,2,32
global.js,90,js,bf27f5cc,ryanj06,2026-04-25,20:59:09,-07:00,2026-04-25T20:59:09-07:00,2,17
global.js,91,js,bf27f5cc,ryanj06,2026-04-25,20:59:09,-07:00,2026-04-25T20:59:09-07:00,3,57
global.js,92,js,bf27f5cc,ryanj06,2026-04-25,20:59:09,-07:00,2026-04-25T20:59:09-07:00,2,0
global.js,93,js,bf27f5cc,ryanj06,2026-04-25,20:59:09,-07:00,2026-04-25T20:59:09-07:00,2,33
global.js,94,js,bf27f5cc,ryanj06,2026-04-25,20:59:09,-07:00,2026-04-25T20:59:09-07:00,2,10
global.js,95,js,bf27f5cc,ryanj06,2026-04-25,20:59:09,-07:00,2026-04-25T20:59:09-07:00,1,15
global.js,96,js,bf27f5cc,ryanj06,2026-04-25,20:59:09,-07:00,2026-04-25T20:59:09-07:00,2,59
global.js,97,js,bf27f5cc,ryanj06,2026-04-25,20:59:09,-07:00,2026-04-25T20:59:09-07:00,1,0
global.js,98,js,bf27f5cc,ryanj06,2026-04-25,20:59:09,-07:00,2026-04-25T20:59:09-07:00,0,0
global.js,99,js,bf27f5cc,ryanj06,2026-04-25,20:59:09,-07:00,2026-04-25T20:59:09-07:00,0,0
global.js,100,js,bf27f5cc,ryanj06,2026-04-25,20:59:09,-07:00,2026-04-25T20:59:09-07:00,0,79
global.js,101,js,bf27f5cc,ryanj06,2026-04-25,20:59:09,-07:00,2026-04-25T20:59:09-07:00,0,79
global.js,102,js,bf27f5cc,ryanj06,2026-04-25,20:59:09,-07:00,2026-04-25T20:59:09-07:00,1,30
global.js,103,js,bf27f5cc,ryanj06,2026-04-25,20:59:09,-07:00,2026-04-25T20:59:09-07:00,0,0
global.js,104,js,bf27f5cc,ryanj06,2026-04-25,20:59:09,-07:00,2026-04-25T20:59:09-07:00,1,29
global.js,105,js,bf27f5cc,ryanj06,2026-04-25,20:59:09,-07:00,2026-04-25T20:59:09-07:00,2,48
global.js,106,js,bf27f5cc,ryanj06,2026-04-25,20:59:09,-07:00,2026-04-25T20:59:09-07:00,2,19
global.js,107,js,bf27f5cc,ryanj06,2026-04-25,20:59:09,-07:00,2026-04-25T20:59:09-07:00,3,49
global.js,108,js,bf27f5cc,ryanj06,2026-04-25,20:59:09,-07:00,2026-04-25T20:59:09-07:00,3,51
global.js,109,js,bf27f5cc,ryanj06,2026-04-25,20:59:09,-07:00,2026-04-25T20:59:09-07:00,3,27
global.js,110,js,bf27f5cc,ryanj06,2026-04-25,20:59:09,-07:00,2026-04-25T20:59:09-07:00,3,69
global.js,111,js,bf27f5cc,ryanj06,2026-04-25,20:59:09,-07:00,2026-04-25T20:59:09-07:00,2,0
global.js,112,js,bf27f5cc,ryanj06,2026-04-25,20:59:09,-07:00,2026-04-25T20:59:09-07:00,2,36
global.js,113,js,bf27f5cc,ryanj06,2026-04-25,20:59:09,-07:00,2026-04-25T20:59:09-07:00,1,0
global.js,114,js,bf27f5cc,ryanj06,2026-04-25,20:59:09,-07:00,2026-04-25T20:59:09-07:00,0,0
global.js,115,js,bf27f5cc,ryanj06,2026-04-25,20:59:09,-07:00,2026-04-25T20:59:09-07:00,0,0
global.js,116,js,bf27f5cc,ryanj06,2026-04-25,20:59:09,-07:00,2026-04-25T20:59:09-07:00,0,78
global.js,117,js,bf27f5cc,ryanj06,2026-04-25,20:59:09,-07:00,2026-04-25T20:59:09-07:00,0,47
global.js,118,js,bf27f5cc,ryanj06,2026-04-25,20:59:09,-07:00,2026-04-25T20:59:09-07:00,1,59
global.js,119,js,bf27f5cc,ryanj06,2026-04-25,20:59:09,-07:00,2026-04-25T20:59:09-07:00,0,0
projects/projects.js,1,js,bf27f5cc,ryanj06,2026-04-25,20:59:09,-07:00,2026-04-25T20:59:09-07:00,0,55
projects/projects.js,2,js,a399b977,ryanj06,2026-04-30,15:18:48,-07:00,2026-04-30T15:18:48-07:00,0,63
projects/projects.js,3,js,bf27f5cc,ryanj06,2026-04-25,20:59:09,-07:00,2026-04-25T20:59:09-07:00,0,0
projects/projects.js,4,js,85a880d1,ryanj06,2026-05-02,20:39:17,-07:00,2026-05-02T20:39:17-07:00,0,63
projects/projects.js,5,js,bf27f5cc,ryanj06,2026-04-25,20:59:09,-07:00,2026-04-25T20:59:09-07:00,0,0
projects/projects.js,6,js,bf27f5cc,ryanj06,2026-04-25,20:59:09,-07:00,2026-04-25T20:59:09-07:00,0,56
projects/projects.js,7,js,bf27f5cc,ryanj06,2026-04-25,20:59:09,-07:00,2026-04-25T20:59:09-07:00,0,12
projects/projects.js,8,js,bf27f5cc,ryanj06,2026-04-25,20:59:09,-07:00,2026-04-25T20:59:09-07:00,1,52
projects/projects.js,9,js,bf27f5cc,ryanj06,2026-04-25,20:59:09,-07:00,2026-04-25T20:59:09-07:00,0,0
projects/projects.js,10,js,bf27f5cc,ryanj06,2026-04-25,20:59:09,-07:00,2026-04-25T20:59:09-07:00,0,0
projects/projects.js,11,js,bf27f5cc,ryanj06,2026-04-25,20:59:09,-07:00,2026-04-25T20:59:09-07:00,0,60
projects/projects.js,12,js,a399b977,ryanj06,2026-04-30,15:18:48,-07:00,2026-04-30T15:18:48-07:00,0,0
projects/projects.js,13,js,a399b977,ryanj06,2026-04-30,15:18:48,-07:00,2026-04-30T15:18:48-07:00,0,13
projects/projects.js,14,js,a399b977,ryanj06,2026-04-30,15:18:48,-07:00,2026-04-30T15:18:48-07:00,0,21
projects/projects.js,15,js,a399b977,ryanj06,2026-04-30,15:18:48,-07:00,2026-04-30T15:18:48-07:00,0,0
projects/projects.js,16,js,a399b977,ryanj06,2026-04-30,15:18:48,-07:00,2026-04-30T15:18:48-07:00,0,49
projects/projects.js,17,js,a399b977,ryanj06,2026-04-30,15:18:48,-07:00,2026-04-30T15:18:48-07:00,0,59
projects/projects.js,18,js,a399b977,ryanj06,2026-04-30,15:18:48,-07:00,2026-04-30T15:18:48-07:00,0,52
projects/projects.js,19,js,a399b977,ryanj06,2026-04-30,15:18:48,-07:00,2026-04-30T15:18:48-07:00,0,0
projects/projects.js,20,js,a399b977,ryanj06,2026-04-30,15:18:48,-07:00,2026-04-30T15:18:48-07:00,0,19
projects/projects.js,21,js,a399b977,ryanj06,2026-04-30,15:18:48,-07:00,2026-04-30T15:18:48-07:00,0,0
projects/projects.js,22,js,a399b977,ryanj06,2026-04-30,15:18:48,-07:00,2026-04-30T15:18:48-07:00,0,38
projects/projects.js,23,js,a399b977,ryanj06,2026-04-30,15:18:48,-07:00,2026-04-30T15:18:48-07:00,1,28
projects/projects.js,24,js,a399b977,ryanj06,2026-04-30,15:18:48,-07:00,2026-04-30T15:18:48-07:00,2,12
projects/projects.js,25,js,a399b977,ryanj06,2026-04-30,15:18:48,-07:00,2026-04-30T15:18:48-07:00,2,14
projects/projects.js,26,js,a399b977,ryanj06,2026-04-30,15:18:48,-07:00,2026-04-30T15:18:48-07:00,2,11
projects/projects.js,27,js,a399b977,ryanj06,2026-04-30,15:18:48,-07:00,2026-04-30T15:18:48-07:00,1,0
projects/projects.js,28,js,a399b977,ryanj06,2026-04-30,15:18:48,-07:00,2026-04-30T15:18:48-07:00,0,0
projects/projects.js,29,js,a399b977,ryanj06,2026-04-30,15:18:48,-07:00,2026-04-30T15:18:48-07:00,1,22
projects/projects.js,30,js,85a880d1,ryanj06,2026-05-02,20:39:17,-07:00,2026-05-02T20:39:17-07:00,2,62
projects/projects.js,31,js,a399b977,ryanj06,2026-04-30,15:18:48,-07:00,2026-04-30T15:18:48-07:00,2,46
projects/projects.js,32,js,a399b977,ryanj06,2026-04-30,15:18:48,-07:00,2026-04-30T15:18:48-07:00,0,0
projects/projects.js,33,js,a399b977,ryanj06,2026-04-30,15:18:48,-07:00,2026-04-30T15:18:48-07:00,1,42
projects/projects.js,34,js,a399b977,ryanj06,2026-04-30,15:18:48,-07:00,2026-04-30T15:18:48-07:00,1,29
projects/projects.js,35,js,a399b977,ryanj06,2026-04-30,15:18:48,-07:00,2026-04-30T15:18:48-07:00,1,34
projects/projects.js,36,js,a399b977,ryanj06,2026-04-30,15:18:48,-07:00,2026-04-30T15:18:48-07:00,1,30
projects/projects.js,37,js,a399b977,ryanj06,2026-04-30,15:18:48,-07:00,2026-04-30T15:18:48-07:00,0,0
projects/projects.js,38,js,85a880d1,ryanj06,2026-05-02,20:39:17,-07:00,2026-05-02T20:39:17-07:00,1,35
projects/projects.js,39,js,85a880d1,ryanj06,2026-05-02,20:39:17,-07:00,2026-05-02T20:39:17-07:00,0,0
projects/projects.js,40,js,85a880d1,ryanj06,2026-05-02,20:39:17,-07:00,2026-05-02T20:39:17-07:00,1,42
projects/projects.js,41,js,85a880d1,ryanj06,2026-05-02,20:39:17,-07:00,2026-05-02T20:39:17-07:00,1,47
projects/projects.js,42,js,85a880d1,ryanj06,2026-05-02,20:39:17,-07:00,2026-05-02T20:39:17-07:00,0,0
projects/projects.js,43,js,a399b977,ryanj06,2026-04-30,15:18:48,-07:00,2026-04-30T15:18:48-07:00,1,24
projects/projects.js,44,js,a399b977,ryanj06,2026-04-30,15:18:48,-07:00,2026-04-30T15:18:48-07:00,2,1
projects/projects.js,45,js,a399b977,ryanj06,2026-04-30,15:18:48,-07:00,2026-04-30T15:18:48-07:00,3,13
projects/projects.js,46,js,a399b977,ryanj06,2026-04-30,15:18:48,-07:00,2026-04-30T15:18:48-07:00,3,13
projects/projects.js,47,js,a399b977,ryanj06,2026-04-30,15:18:48,-07:00,2026-04-30T15:18:48-07:00,3,22
projects/projects.js,48,js,a399b977,ryanj06,2026-04-30,15:18:48,-07:00,2026-04-30T15:18:48-07:00,3,51
projects/projects.js,49,js,a399b977,ryanj06,2026-04-30,15:18:48,-07:00,2026-04-30T15:18:48-07:00,3,18
projects/projects.js,50,js,a399b977,ryanj06,2026-04-30,15:18:48,-07:00,2026-04-30T15:18:48-07:00,4,43
projects/projects.js,51,js,a399b977,ryanj06,2026-04-30,15:18:48,-07:00,2026-04-30T15:18:48-07:00,4,13
projects/projects.js,52,js,a399b977,ryanj06,2026-04-30,15:18:48,-07:00,2026-04-30T15:18:48-07:00,3,1
projects/projects.js,53,js,a399b977,ryanj06,2026-04-30,15:18:48,-07:00,2026-04-30T15:18:48-07:00,1,1
projects/projects.js,54,js,a399b977,ryanj06,2026-04-30,15:18:48,-07:00,2026-04-30T15:18:48-07:00,0,0
projects/projects.js,55,js,a399b977,ryanj06,2026-04-30,15:18:48,-07:00,2026-04-30T15:18:48-07:00,1,29
projects/projects.js,56,js,a399b977,ryanj06,2026-04-30,15:18:48,-07:00,2026-04-30T15:18:48-07:00,2,4
projects/projects.js,57,js,a399b977,ryanj06,2026-04-30,15:18:48,-07:00,2026-04-30T15:18:48-07:00,3,11
projects/projects.js,58,js,a399b977,ryanj06,2026-04-30,15:18:48,-07:00,2026-04-30T15:18:48-07:00,3,36
projects/projects.js,59,js,a399b977,ryanj06,2026-04-30,15:18:48,-07:00,2026-04-30T15:18:48-07:00,3,68
projects/projects.js,60,js,a399b977,ryanj06,2026-04-30,15:18:48,-07:00,2026-04-30T15:18:48-07:00,3,68
projects/projects.js,61,js,a399b977,ryanj06,2026-04-30,15:18:48,-07:00,2026-04-30T15:18:48-07:00,3,18
projects/projects.js,62,js,a399b977,ryanj06,2026-04-30,15:18:48,-07:00,2026-04-30T15:18:48-07:00,4,43
projects/projects.js,63,js,a399b977,ryanj06,2026-04-30,15:18:48,-07:00,2026-04-30T15:18:48-07:00,4,13
projects/projects.js,64,js,a399b977,ryanj06,2026-04-30,15:18:48,-07:00,2026-04-30T15:18:48-07:00,3,1
projects/projects.js,65,js,a399b977,ryanj06,2026-04-30,15:18:48,-07:00,2026-04-30T15:18:48-07:00,1,1
projects/projects.js,66,js,a399b977,ryanj06,2026-04-30,15:18:48,-07:00,2026-04-30T15:18:48-07:00,0,0
projects/projects.js,67,js,a399b977,ryanj06,2026-04-30,15:18:48,-07:00,2026-04-30T15:18:48-07:00,0,0
projects/projects.js,68,js,a399b977,ryanj06,2026-04-30,15:18:48,-07:00,2026-04-30T15:18:48-07:00,0,23
projects/projects.js,69,js,a399b977,ryanj06,2026-04-30,15:18:48,-07:00,2026-04-30T15:18:48-07:00,1,43
projects/projects.js,70,js,a399b977,ryanj06,2026-04-30,15:18:48,-07:00,2026-04-30T15:18:48-07:00,2,61
projects/projects.js,71,js,a399b977,ryanj06,2026-04-30,15:18:48,-07:00,2026-04-30T15:18:48-07:00,2,42
projects/projects.js,72,js,a399b977,ryanj06,2026-04-30,15:18:48,-07:00,2026-04-30T15:18:48-07:00,1,1
projects/projects.js,73,js,a399b977,ryanj06,2026-04-30,15:18:48,-07:00,2026-04-30T15:18:48-07:00,0,0
projects/projects.js,74,js,a399b977,ryanj06,2026-04-30,15:18:48,-07:00,2026-04-30T15:18:48-07:00,1,23
projects/projects.js,75,js,a399b977,ryanj06,2026-04-30,15:18:48,-07:00,2026-04-30T15:18:48-07:00,0,0
projects/projects.js,76,js,a399b977,ryanj06,2026-04-30,15:18:48,-07:00,2026-04-30T15:18:48-07:00,1,55
projects/projects.js,77,js,a399b977,ryanj06,2026-04-30,15:18:48,-07:00,2026-04-30T15:18:48-07:00,2,52
projects/projects.js,78,js,85a880d1,ryanj06,2026-05-02,20:39:17,-07:00,2026-05-02T20:39:17-07:00,2,65
projects/projects.js,79,js,a399b977,ryanj06,2026-04-30,15:18:48,-07:00,2026-04-30T15:18:48-07:00,1,0
projects/projects.js,80,js,a399b977,ryanj06,2026-04-30,15:18:48,-07:00,2026-04-30T15:18:48-07:00,0,0
projects/projects.js,81,js,a399b977,ryanj06,2026-04-30,15:18:48,-07:00,2026-04-30T15:18:48-07:00,1,48
projects/projects.js,82,js,a399b977,ryanj06,2026-04-30,15:18:48,-07:00,2026-04-30T15:18:48-07:00,0,0
projects/projects.js,83,js,a399b977,ryanj06,2026-04-30,15:18:48,-07:00,2026-04-30T15:18:48-07:00,0,0
projects/projects.js,84,js,a399b977,ryanj06,2026-04-30,15:18:48,-07:00,2026-04-30T15:18:48-07:00,0,13
projects/projects.js,85,js,a399b977,ryanj06,2026-04-30,15:18:48,-07:00,2026-04-30T15:18:48-07:00,0,0
projects/projects.js,86,js,a399b977,ryanj06,2026-04-30,15:18:48,-07:00,2026-04-30T15:18:48-07:00,0,55
projects/projects.js,87,js,a399b977,ryanj06,2026-04-30,15:18:48,-07:00,2026-04-30T15:18:48-07:00,0,48
projects/projects.js,88,js,a399b977,ryanj06,2026-04-30,15:18:48,-07:00,2026-04-30T15:18:48-07:00,1,25
projects/projects.js,89,js,a399b977,ryanj06,2026-04-30,15:18:48,-07:00,2026-04-30T15:18:48-07:00,1,17
projects/projects.js,90,js,a399b977,ryanj06,2026-04-30,15:18:48,-07:00,2026-04-30T15:18:48-07:00,1,13
projects/projects.js,91,js,a399b977,ryanj06,2026-04-30,15:18:48,-07:00,2026-04-30T15:18:48-07:00,0,1
projects/index.html,1,html,9933d56e,ryanj06,2026-04-04,21:18:18,-07:00,2026-04-04T21:18:18-07:00,0,13
projects/index.html,2,html,9933d56e,ryanj06,2026-04-04,21:18:18,-07:00,2026-04-04T21:18:18-07:00,0,14
projects/index.html,3,html,9933d56e,ryanj06,2026-04-04,21:18:18,-07:00,2026-04-04T21:18:18-07:00,1,4
projects/index.html,4,html,9933d56e,ryanj06,2026-04-04,21:18:18,-07:00,2026-04-04T21:18:18-07:00,2,22
projects/index.html,5,html,9933d56e,ryanj06,2026-04-04,21:18:18,-07:00,2026-04-04T21:18:18-07:00,2,70
projects/index.html,6,html,9933d56e,ryanj06,2026-04-04,21:18:18,-07:00,2026-04-04T21:18:18-07:00,2,32
projects/index.html,7,html,9933d56e,ryanj06,2026-04-04,21:18:18,-07:00,2026-04-04T21:18:18-07:00,2,43
projects/index.html,8,html,698d6316,ryanj06,2026-04-16,18:09:01,-07:00,2026-04-16T18:09:01-07:00,2,48
projects/index.html,9,html,bf27f5cc,ryanj06,2026-04-25,20:59:09,-07:00,2026-04-25T20:59:09-07:00,2,47
projects/index.html,10,html,9933d56e,ryanj06,2026-04-04,21:18:18,-07:00,2026-04-04T21:18:18-07:00,1,5
projects/index.html,11,html,9933d56e,ryanj06,2026-04-04,21:18:18,-07:00,2026-04-04T21:18:18-07:00,1,4
projects/index.html,12,html,bf27f5cc,ryanj06,2026-04-25,20:59:09,-07:00,2026-04-25T20:59:09-07:00,2,38
projects/index.html,13,html,a399b977,ryanj06,2026-04-30,15:18:48,-07:00,2026-04-30T15:18:48-07:00,0,0
projects/index.html,14,html,a399b977,ryanj06,2026-04-30,15:18:48,-07:00,2026-04-30T15:18:48-07:00,2,21
projects/index.html,15,html,a399b977,ryanj06,2026-04-30,15:18:48,-07:00,2026-04-30T15:18:48-07:00,3,58
projects/index.html,16,html,a399b977,ryanj06,2026-04-30,15:18:48,-07:00,2026-04-30T15:18:48-07:00,3,22
projects/index.html,17,html,a399b977,ryanj06,2026-04-30,15:18:48,-07:00,2026-04-30T15:18:48-07:00,2,4
projects/index.html,18,html,a399b977,ryanj06,2026-04-30,15:18:48,-07:00,2026-04-30T15:18:48-07:00,0,0
projects/index.html,19,html,a399b977,ryanj06,2026-04-30,15:18:48,-07:00,2026-04-30T15:18:48-07:00,2,4
projects/index.html,20,html,a399b977,ryanj06,2026-04-30,15:18:48,-07:00,2026-04-30T15:18:48-07:00,3,15
projects/index.html,21,html,a399b977,ryanj06,2026-04-30,15:18:48,-07:00,2026-04-30T15:18:48-07:00,3,11
projects/index.html,22,html,a399b977,ryanj06,2026-04-30,15:18:48,-07:00,2026-04-30T15:18:48-07:00,3,26
projects/index.html,23,html,a399b977,ryanj06,2026-04-30,15:18:48,-07:00,2026-04-30T15:18:48-07:00,3,31
projects/index.html,24,html,a399b977,ryanj06,2026-04-30,15:18:48,-07:00,2026-04-30T15:18:48-07:00,2,0
projects/index.html,25,html,a399b977,ryanj06,2026-04-30,15:18:48,-07:00,2026-04-30T15:18:48-07:00,0,0
projects/index.html,26,html,85a880d1,ryanj06,2026-05-02,20:39:17,-07:00,2026-05-02T20:39:17-07:00,2,26
projects/index.html,27,html,9933d56e,ryanj06,2026-04-04,21:18:18,-07:00,2026-04-04T21:18:18-07:00,1,5
projects/index.html,28,html,9933d56e,ryanj06,2026-04-04,21:18:18,-07:00,2026-04-04T21:18:18-07:00,0,5
cv/index.html,1,html,a90d76fc,ryanj06,2026-04-04,21:27:47,-07:00,2026-04-04T21:27:47-07:00,0,13
cv/index.html,2,html,a90d76fc,ryanj06,2026-04-04,21:27:47,-07:00,2026-04-04T21:27:47-07:00,0,14
cv/index.html,3,html,a90d76fc,ryanj06,2026-04-04,21:27:47,-07:00,2026-04-04T21:27:47-07:00,1,4
cv/index.html,4,html,a90d76fc,ryanj06,2026-04-04,21:27:47,-07:00,2026-04-04T21:27:47-07:00,2,22
cv/index.html,5,html,a90d76fc,ryanj06,2026-04-04,21:27:47,-07:00,2026-04-04T21:27:47-07:00,2,70
cv/index.html,6,html,a90d76fc,ryanj06,2026-04-04,21:27:47,-07:00,2026-04-04T21:27:47-07:00,2,26
cv/index.html,7,html,a90d76fc,ryanj06,2026-04-04,21:27:47,-07:00,2026-04-04T21:27:47-07:00,2,43
cv/index.html,8,html,698d6316,ryanj06,2026-04-16,18:09:01,-07:00,2026-04-16T18:09:01-07:00,2,48
cv/index.html,9,html,a90d76fc,ryanj06,2026-04-04,21:27:47,-07:00,2026-04-04T21:27:47-07:00,1,5
cv/index.html,10,html,a90d76fc,ryanj06,2026-04-04,21:27:47,-07:00,2026-04-04T21:27:47-07:00,1,4
cv/index.html,11,html,a90d76fc,ryanj06,2026-04-04,21:27:47,-07:00,2026-04-04T21:27:47-07:00,2,16
cv/index.html,12,html,a90d76fc,ryanj06,2026-04-04,21:27:47,-07:00,2026-04-04T21:27:47-07:00,2,185
cv/index.html,13,html,698d6316,ryanj06,2026-04-16,18:09:01,-07:00,2026-04-16T18:09:01-07:00,0,0
cv/index.html,14,html,a90d76fc,ryanj06,2026-04-04,21:27:47,-07:00,2026-04-04T21:27:47-07:00,2,7
cv/index.html,15,html,a90d76fc,ryanj06,2026-04-04,21:27:47,-07:00,2026-04-04T21:27:47-07:00,3,16
cv/index.html,16,html,a90d76fc,ryanj06,2026-04-04,21:27:47,-07:00,2026-04-04T21:27:47-07:00,3,7
cv/index.html,17,html,a90d76fc,ryanj06,2026-04-04,21:27:47,-07:00,2026-04-04T21:27:47-07:00,4,6
cv/index.html,18,html,a90d76fc,ryanj06,2026-04-04,21:27:47,-07:00,2026-04-04T21:27:47-07:00,5,41
cv/index.html,19,html,a90d76fc,ryanj06,2026-04-04,21:27:47,-07:00,2026-04-04T21:27:47-07:00,5,17
cv/index.html,20,html,a90d76fc,ryanj06,2026-04-04,21:27:47,-07:00,2026-04-04T21:27:47-07:00,4,7
cv/index.html,21,html,a90d76fc,ryanj06,2026-04-04,21:27:47,-07:00,2026-04-04T21:27:47-07:00,4,76
cv/index.html,22,html,a90d76fc,ryanj06,2026-04-04,21:27:47,-07:00,2026-04-04T21:27:47-07:00,4,88
cv/index.html,23,html,a90d76fc,ryanj06,2026-04-04,21:27:47,-07:00,2026-04-04T21:27:47-07:00,4,148
cv/index.html,24,html,a90d76fc,ryanj06,2026-04-04,21:27:47,-07:00,2026-04-04T21:27:47-07:00,3,8
cv/index.html,25,html,a90d76fc,ryanj06,2026-04-04,21:27:47,-07:00,2026-04-04T21:27:47-07:00,2,8
cv/index.html,26,html,698d6316,ryanj06,2026-04-16,18:09:01,-07:00,2026-04-16T18:09:01-07:00,0,0
cv/index.html,27,html,a90d76fc,ryanj06,2026-04-04,21:27:47,-07:00,2026-04-04T21:27:47-07:00,2,7
cv/index.html,28,html,a90d76fc,ryanj06,2026-04-04,21:27:47,-07:00,2026-04-04T21:27:47-07:00,3,17
cv/index.html,29,html,a90d76fc,ryanj06,2026-04-04,21:27:47,-07:00,2026-04-04T21:27:47-07:00,3,7
cv/index.html,30,html,a90d76fc,ryanj06,2026-04-04,21:27:47,-07:00,2026-04-04T21:27:47-07:00,4,6
cv/index.html,31,html,a90d76fc,ryanj06,2026-04-04,21:27:47,-07:00,2026-04-04T21:27:47-07:00,5,36
cv/index.html,32,html,a90d76fc,ryanj06,2026-04-04,21:27:47,-07:00,2026-04-04T21:27:47-07:00,5,71
cv/index.html,33,html,a90d76fc,ryanj06,2026-04-04,21:27:47,-07:00,2026-04-04T21:27:47-07:00,4,7
cv/index.html,34,html,a90d76fc,ryanj06,2026-04-04,21:27:47,-07:00,2026-04-04T21:27:47-07:00,4,2
cv/index.html,35,html,a90d76fc,ryanj06,2026-04-04,21:27:47,-07:00,2026-04-04T21:27:47-07:00,5,70
cv/index.html,36,html,a90d76fc,ryanj06,2026-04-04,21:27:47,-07:00,2026-04-04T21:27:47-07:00,5,86
cv/index.html,37,html,a90d76fc,ryanj06,2026-04-04,21:27:47,-07:00,2026-04-04T21:27:47-07:00,5,69
cv/index.html,38,html,a90d76fc,ryanj06,2026-04-04,21:27:47,-07:00,2026-04-04T21:27:47-07:00,4,3
cv/index.html,39,html,a90d76fc,ryanj06,2026-04-04,21:27:47,-07:00,2026-04-04T21:27:47-07:00,3,8
cv/index.html,40,html,a90d76fc,ryanj06,2026-04-04,21:27:47,-07:00,2026-04-04T21:27:47-07:00,3,7
cv/index.html,41,html,a90d76fc,ryanj06,2026-04-04,21:27:47,-07:00,2026-04-04T21:27:47-07:00,4,6
cv/index.html,42,html,a90d76fc,ryanj06,2026-04-04,21:27:47,-07:00,2026-04-04T21:27:47-07:00,5,45
cv/index.html,43,html,a90d76fc,ryanj06,2026-04-04,21:27:47,-07:00,2026-04-04T21:27:47-07:00,5,101
cv/index.html,44,html,a90d76fc,ryanj06,2026-04-04,21:27:47,-07:00,2026-04-04T21:27:47-07:00,4,7
cv/index.html,45,html,a90d76fc,ryanj06,2026-04-04,21:27:47,-07:00,2026-04-04T21:27:47-07:00,4,2
cv/index.html,46,html,a90d76fc,ryanj06,2026-04-04,21:27:47,-07:00,2026-04-04T21:27:47-07:00,5,72
cv/index.html,47,html,a90d76fc,ryanj06,2026-04-04,21:27:47,-07:00,2026-04-04T21:27:47-07:00,5,76
cv/index.html,48,html,a90d76fc,ryanj06,2026-04-04,21:27:47,-07:00,2026-04-04T21:27:47-07:00,5,82
cv/index.html,49,html,a90d76fc,ryanj06,2026-04-04,21:27:47,-07:00,2026-04-04T21:27:47-07:00,4,3
cv/index.html,50,html,a90d76fc,ryanj06,2026-04-04,21:27:47,-07:00,2026-04-04T21:27:47-07:00,3,8
cv/index.html,51,html,a90d76fc,ryanj06,2026-04-04,21:27:47,-07:00,2026-04-04T21:27:47-07:00,2,8
cv/index.html,52,html,698d6316,ryanj06,2026-04-16,18:09:01,-07:00,2026-04-16T18:09:01-07:00,0,0
cv/index.html,53,html,a90d76fc,ryanj06,2026-04-04,21:27:47,-07:00,2026-04-04T21:27:47-07:00,2,7
cv/index.html,54,html,a90d76fc,ryanj06,2026-04-04,21:27:47,-07:00,2026-04-04T21:27:47-07:00,3,15
cv/index.html,55,html,a90d76fc,ryanj06,2026-04-04,21:27:47,-07:00,2026-04-04T21:27:47-07:00,3,7
cv/index.html,56,html,a90d76fc,ryanj06,2026-04-04,21:27:47,-07:00,2026-04-04T21:27:47-07:00,4,6
cv/index.html,57,html,a90d76fc,ryanj06,2026-04-04,21:27:47,-07:00,2026-04-04T21:27:47-07:00,5,32
cv/index.html,58,html,a90d76fc,ryanj06,2026-04-04,21:27:47,-07:00,2026-04-04T21:27:47-07:00,5,99
cv/index.html,59,html,a90d76fc,ryanj06,2026-04-04,21:27:47,-07:00,2026-04-04T21:27:47-07:00,4,7
cv/index.html,60,html,a90d76fc,ryanj06,2026-04-04,21:27:47,-07:00,2026-04-04T21:27:47-07:00,4,2
cv/index.html,61,html,a90d76fc,ryanj06,2026-04-04,21:27:47,-07:00,2026-04-04T21:27:47-07:00,5,114
cv/index.html,62,html,a90d76fc,ryanj06,2026-04-04,21:27:47,-07:00,2026-04-04T21:27:47-07:00,5,104
cv/index.html,63,html,a90d76fc,ryanj06,2026-04-04,21:27:47,-07:00,2026-04-04T21:27:47-07:00,5,100
cv/index.html,64,html,a90d76fc,ryanj06,2026-04-04,21:27:47,-07:00,2026-04-04T21:27:47-07:00,5,95
cv/index.html,65,html,a90d76fc,ryanj06,2026-04-04,21:27:47,-07:00,2026-04-04T21:27:47-07:00,4,3
cv/index.html,66,html,a90d76fc,ryanj06,2026-04-04,21:27:47,-07:00,2026-04-04T21:27:47-07:00,3,8
cv/index.html,67,html,a90d76fc,ryanj06,2026-04-04,21:27:47,-07:00,2026-04-04T21:27:47-07:00,3,7
cv/index.html,68,html,a90d76fc,ryanj06,2026-04-04,21:27:47,-07:00,2026-04-04T21:27:47-07:00,4,6
cv/index.html,69,html,a90d76fc,ryanj06,2026-04-04,21:27:47,-07:00,2026-04-04T21:27:47-07:00,5,39
cv/index.html,70,html,a90d76fc,ryanj06,2026-04-04,21:27:47,-07:00,2026-04-04T21:27:47-07:00,5,84
cv/index.html,71,html,a90d76fc,ryanj06,2026-04-04,21:27:47,-07:00,2026-04-04T21:27:47-07:00,4,7
cv/index.html,72,html,a90d76fc,ryanj06,2026-04-04,21:27:47,-07:00,2026-04-04T21:27:47-07:00,4,2
cv/index.html,73,html,a90d76fc,ryanj06,2026-04-04,21:27:47,-07:00,2026-04-04T21:27:47-07:00,5,102
cv/index.html,74,html,a90d76fc,ryanj06,2026-04-04,21:27:47,-07:00,2026-04-04T21:27:47-07:00,5,110
cv/index.html,75,html,a90d76fc,ryanj06,2026-04-04,21:27:47,-07:00,2026-04-04T21:27:47-07:00,5,80
cv/index.html,76,html,a90d76fc,ryanj06,2026-04-04,21:27:47,-07:00,2026-04-04T21:27:47-07:00,4,3
cv/index.html,77,html,a90d76fc,ryanj06,2026-04-04,21:27:47,-07:00,2026-04-04T21:27:47-07:00,3,8
cv/index.html,78,html,a90d76fc,ryanj06,2026-04-04,21:27:47,-07:00,2026-04-04T21:27:47-07:00,3,7
cv/index.html,79,html,a90d76fc,ryanj06,2026-04-04,21:27:47,-07:00,2026-04-04T21:27:47-07:00,4,6
cv/index.html,80,html,a90d76fc,ryanj06,2026-04-04,21:27:47,-07:00,2026-04-04T21:27:47-07:00,5,39
cv/index.html,81,html,a90d76fc,ryanj06,2026-04-04,21:27:47,-07:00,2026-04-04T21:27:47-07:00,5,69
cv/index.html,82,html,a90d76fc,ryanj06,2026-04-04,21:27:47,-07:00,2026-04-04T21:27:47-07:00,4,7
cv/index.html,83,html,a90d76fc,ryanj06,2026-04-04,21:27:47,-07:00,2026-04-04T21:27:47-07:00,4,2
cv/index.html,84,html,a90d76fc,ryanj06,2026-04-04,21:27:47,-07:00,2026-04-04T21:27:47-07:00,5,93
cv/index.html,85,html,a90d76fc,ryanj06,2026-04-04,21:27:47,-07:00,2026-04-04T21:27:47-07:00,5,69
cv/index.html,86,html,a90d76fc,ryanj06,2026-04-04,21:27:47,-07:00,2026-04-04T21:27:47-07:00,5,56
cv/index.html,87,html,a90d76fc,ryanj06,2026-04-04,21:27:47,-07:00,2026-04-04T21:27:47-07:00,4,3
cv/index.html,88,html,a90d76fc,ryanj06,2026-04-04,21:27:47,-07:00,2026-04-04T21:27:47-07:00,3,8
cv/index.html,89,html,a90d76fc,ryanj06,2026-04-04,21:27:47,-07:00,2026-04-04T21:27:47-07:00,2,8
cv/index.html,90,html,698d6316,ryanj06,2026-04-16,18:09:01,-07:00,2026-04-16T18:09:01-07:00,0,0
cv/index.html,91,html,a90d76fc,ryanj06,2026-04-04,21:27:47,-07:00,2026-04-04T21:27:47-07:00,2,7
cv/index.html,92,html,a90d76fc,ryanj06,2026-04-04,21:27:47,-07:00,2026-04-04T21:27:47-07:00,3,23
cv/index.html,93,html,4f9cb36d,ryanj06,2026-04-10,15:02:10,-07:00,2026-04-10T15:02:10-07:00,3,7
cv/index.html,94,html,4f9cb36d,ryanj06,2026-04-10,15:02:10,-07:00,2026-04-10T15:02:10-07:00,4,2
cv/index.html,95,html,4f9cb36d,ryanj06,2026-04-10,15:02:10,-07:00,2026-04-10T15:02:10-07:00,5,125
cv/index.html,96,html,4f9cb36d,ryanj06,2026-04-10,15:02:10,-07:00,2026-04-10T15:02:10-07:00,5,123
cv/index.html,97,html,4f9cb36d,ryanj06,2026-04-10,15:02:10,-07:00,2026-04-10T15:02:10-07:00,5,69
cv/index.html,98,html,4f9cb36d,ryanj06,2026-04-10,15:02:10,-07:00,2026-04-10T15:02:10-07:00,4,3
cv/index.html,99,html,4f9cb36d,ryanj06,2026-04-10,15:02:10,-07:00,2026-04-10T15:02:10-07:00,3,8
cv/index.html,100,html,a90d76fc,ryanj06,2026-04-04,21:27:47,-07:00,2026-04-04T21:27:47-07:00,2,8
cv/index.html,101,html,a90d76fc,ryanj06,2026-04-04,21:27:47,-07:00,2026-04-04T21:27:47-07:00,1,5
cv/index.html,102,html,a90d76fc,ryanj06,2026-04-04,21:27:47,-07:00,2026-04-04T21:27:47-07:00,0,5
contact/index.html,1,html,9933d56e,ryanj06,2026-04-04,21:18:18,-07:00,2026-04-04T21:18:18-07:00,0,13
contact/index.html,2,html,9933d56e,ryanj06,2026-04-04,21:18:18,-07:00,2026-04-04T21:18:18-07:00,0,14
contact/index.html,3,html,9933d56e,ryanj06,2026-04-04,21:18:18,-07:00,2026-04-04T21:18:18-07:00,1,4
contact/index.html,4,html,9933d56e,ryanj06,2026-04-04,21:18:18,-07:00,2026-04-04T21:18:18-07:00,2,22
contact/index.html,5,html,9933d56e,ryanj06,2026-04-04,21:18:18,-07:00,2026-04-04T21:18:18-07:00,2,70
contact/index.html,6,html,9933d56e,ryanj06,2026-04-04,21:18:18,-07:00,2026-04-04T21:18:18-07:00,2,31
contact/index.html,7,html,9933d56e,ryanj06,2026-04-04,21:18:18,-07:00,2026-04-04T21:18:18-07:00,2,43
contact/index.html,8,html,698d6316,ryanj06,2026-04-16,18:09:01,-07:00,2026-04-16T18:09:01-07:00,2,48
contact/index.html,9,html,9933d56e,ryanj06,2026-04-04,21:18:18,-07:00,2026-04-04T21:18:18-07:00,1,5
contact/index.html,10,html,9933d56e,ryanj06,2026-04-04,21:18:18,-07:00,2026-04-04T21:18:18-07:00,1,4
contact/index.html,11,html,9933d56e,ryanj06,2026-04-04,21:18:18,-07:00,2026-04-04T21:18:18-07:00,2,14
contact/index.html,12,html,698d6316,ryanj06,2026-04-16,18:09:01,-07:00,2026-04-16T18:09:01-07:00,2,48
contact/index.html,13,html,82d68fc6,ryanj06,2026-04-04,21:23:53,-07:00,2026-04-04T21:23:53-07:00,3,5
contact/index.html,14,html,82d68fc6,ryanj06,2026-04-04,21:23:53,-07:00,2026-04-04T21:23:53-07:00,4,5
contact/index.html,15,html,82d68fc6,ryanj06,2026-04-04,21:23:53,-07:00,2026-04-04T21:23:53-07:00,4,37
contact/index.html,16,html,82d68fc6,ryanj06,2026-04-04,21:23:53,-07:00,2026-04-04T21:23:53-07:00,3,6
contact/index.html,17,html,82d68fc6,ryanj06,2026-04-04,21:23:53,-07:00,2026-04-04T21:23:53-07:00,3,5
contact/index.html,18,html,82d68fc6,ryanj06,2026-04-04,21:23:53,-07:00,2026-04-04T21:23:53-07:00,4,5
contact/index.html,19,html,82d68fc6,ryanj06,2026-04-04,21:23:53,-07:00,2026-04-04T21:23:53-07:00,4,48
contact/index.html,20,html,82d68fc6,ryanj06,2026-04-04,21:23:53,-07:00,2026-04-04T21:23:53-07:00,3,6
contact/index.html,21,html,82d68fc6,ryanj06,2026-04-04,21:23:53,-07:00,2026-04-04T21:23:53-07:00,3,19
contact/index.html,22,html,82d68fc6,ryanj06,2026-04-04,21:23:53,-07:00,2026-04-04T21:23:53-07:00,2,5
contact/index.html,23,html,9933d56e,ryanj06,2026-04-04,21:18:18,-07:00,2026-04-04T21:18:18-07:00,1,5
contact/index.html,24,html,9933d56e,ryanj06,2026-04-04,21:18:18,-07:00,2026-04-04T21:18:18-07:00,0,5
